{
  "k": 3,
  "alpha": 0.5,
  "per_query": {
    "sushi": {
      "clip": 1.0,
      "caption": 1.0,
      "hybrid": 1.0
    },
    "pasta": {
      "clip": 0.3333333333333333,
      "caption": 0.3333333333333333,
      "hybrid": 0.3333333333333333
    },
    "paella": {
      "clip": 1.0,
      "caption": 1.0,
      "hybrid": 1.0
    },
    "cat": {
      "clip": 0.6666666666666666,
      "caption": 0.3333333333333333,
      "hybrid": 0.6666666666666666
    },
    "sandwich": {
      "clip": 0.0,
      "caption": 0.6666666666666666,
      "hybrid": 0.6666666666666666
    },
    "dessert": {
      "clip": 0.6666666666666666,
      "caption": 0.0,
      "hybrid": 0.6666666666666666
    },
    "soup": {
      "clip": 0.6666666666666666,
      "caption": 0.0,
      "hybrid": 0.6666666666666666
    },
    "salad": {
      "clip": 0.0,
      "caption": 0.0,
      "hybrid": 0.3333333333333333
    },
    "noodles": {
      "clip": 0.3333333333333333,
      "caption": 0.3333333333333333,
      "hybrid": 0.3333333333333333
    },
    "beer": {
      "clip": 0.3333333333333333,
      "caption": 0.3333333333333333,
      "hybrid": 0.6666666666666666
    },
    "bibimbap": {
      "clip": 0.3333333333333333,
      "caption": 0.3333333333333333,
      "hybrid": 0.3333333333333333
    },
    "takoyaki": {
      "clip": 0.3333333333333333,
      "caption": 0.3333333333333333,
      "hybrid": 0.3333333333333333
    },
    "dumplings": {
      "clip": 0.0,
      "caption": 0.6666666666666666,
      "hybrid": 0.6666666666666666
    },
    "octopus": {
      "clip": 0.0,
      "caption": 0.0,
      "hybrid": 0.0
    },
    "ramen": {
      "clip": 0.6666666666666666,
      "caption": 0.3333333333333333,
      "hybrid": 0.6666666666666666
    },
    "curry": {
      "clip": 0.0,
      "caption": 0.0,
      "hybrid": 0.0
    },
    "chicken": {
      "clip": 0.3333333333333333,
      "caption": 0.3333333333333333,
      "hybrid": 0.6666666666666666
    },
    "beef": {
      "clip": 0.0,
      "caption": 0.0,
      "hybrid": 0.3333333333333333
    },
    "pork": {
      "clip": 0.3333333333333333,
      "caption": 0.3333333333333333,
      "hybrid": 0.3333333333333333
    },
    "ice cream": {
      "clip": 0.6666666666666666,
      "caption": 0.3333333333333333,
      "hybrid": 0.6666666666666666
    },
    "tapas": {
      "clip": 0.6666666666666666,
      "caption": 0.3333333333333333,
      "hybrid": 0.3333333333333333
    },
    "kimchi": {
      "clip": 0.0,
      "caption": 0.6666666666666666,
      "hybrid": 0.3333333333333333
    }
  },
  "mean": {
    "clip": 0.37878787878787873,
    "caption": 0.34848484848484845,
    "hybrid": 0.5
  }
}